flow,function,line,expression,kind,protects_vars,note
DUS,shared_memory,419,"if (param_types != exp_param_types) return TEE_ERROR_BAD_PARAMETERS;",param_type_check,"param_types, params[*]","SHM コマンドのパラメータ種別チェック"
DUS,shared_memory,425,"if (strcmp(\"123456\", buf) == 0) { ... }",content_check,"buf","共有メモリ内容が期待値かどうかの検査 (初回)"
DUS,shared_memory,432,"if (strcmp(\"123456\", buf)) { ... }",content_check,"buf","TEE_Wait(5000) の後に再度内容を確認 (順序問題の一部)"
DUS,shared_memory,437,"if (!TEE_MemCompare(buf, \"123456\", sz)) { ... }",content_check,"buf, sz","memcmp による内容検査"
DUS,shared_memory,476,"if (sz > 1000) { return TEE_ERROR_BAD_PARAMETERS; }",upper_bound_check,"sz","共有メモリサイズに対する上限チェック"

DUS,produce_s,334,"if (strcmp(\"123456\", buf) == 0) { ... }",content_check,"buf","produce_s 内での内容検査 (DUS 評価で重視するサニタイザ)"
DUS,produce_s,340,"if (!TEE_MemCompare(buf, \"123456\", size)) { ... }",content_check,"buf, size","memcmp による追加の内容検査"
DUS,produce_s,346,"if (size > 1000) { return TEE_ERROR_BAD_PARAMETERS; }",upper_bound_check,"size","TEE_MemMove(str, buf, size) に対する長さの上限チェック"
